__test_ITEM,0.000000,0,0,0,__test_label
Familyplan,38.170000,10,15,2014,Bonus
Family,38.200000,11,15,2014,Bonus
Familyplan,38.200000,9,15,2014,Bonus
From Mom,200.000000,6,5,2014,Bonus
chores,30.000000,5,11,2014,Salary
control age money,300.000000,1,23,2014,Bonus
